{
  "alignment": "results/all_alignment.fasta",
  "generated_by": {
    "program": "augur",
    "version": "17.0.0"
  },
  "input_tree": "results/tree.nwk",
  "nodes": {
    "DQ176636.2": {
      "branch_length": 0.09632961
    },
    "DQ256376.1": {
      "branch_length": 0.00522723
    },
    "EF429197.1": {
      "branch_length": 0.00501018
    },
    "EF429198.1": {
      "branch_length": 0.00815514
    },
    "EF429199.1": {
      "branch_length": 0.01897426
    },
    "EF429200.1": {
      "branch_length": 0.00466095
    },
    "FJ159129.1": {
      "branch_length": 0.00730112
    },
    "FJ159130.1": {
      "branch_length": 0.00847581
    },
    "FJ159131.1": {
      "branch_length": 0.00698246
    },
    "FJ483548.1": {
      "branch_length": 0.00036327
    },
    "FJ483549.1": {
      "branch_length": 0.00054531
    },
    "FJ766331.1": {
      "branch_length": 0.00036517
    },
    "FJ766332.1": {
      "branch_length": 0.00018252
    },
    "GQ379160.1": {
      "branch_length": 0.0042983
    },
    "GQ379161.1": {
      "branch_length": 0.00641725
    },
    "GU011992.2": {
      "branch_length": 9.068e-05
    },
    "HM051416.1": {
      "branch_length": 0.0033129
    },
    "HM147822.1": {
      "branch_length": 0.05175596
    },
    "HM147823.1": {
      "branch_length": 0.03587683
    },
    "HM147824.1": {
      "branch_length": 0.01044675
    },
    "HQ537483.1": {
      "branch_length": 9.068e-05
    },
    "JF707789.1": {
      "branch_length": 0.00240507
    },
    "JF719065.1": {
      "branch_length": 1e-06
    },
    "JF719066.1": {
      "branch_length": 0.0003654
    },
    "JF719067.1": {
      "branch_length": 0.0003663
    },
    "JF719068.1": {
      "branch_length": 0.00027473
    },
    "JF719069.1": {
      "branch_length": 0.00648081
    },
    "JN393308.1": {
      "branch_length": 0.00639053
    },
    "JN858069.1": {
      "branch_length": 0.00028357
    },
    "JN858070.1": {
      "branch_length": 0.00209688
    },
    "JQ928174.1": {
      "branch_length": 0.00029912
    },
    "JQ928175.1": {
      "branch_length": 9.322e-05
    },
    "JX041628.1": {
      "branch_length": 0.00046454
    },
    "JX041629.1": {
      "branch_length": 0.00027229
    },
    "JX041630.1": {
      "branch_length": 1e-06
    },
    "JX041631.1": {
      "branch_length": 0.00360852
    },
    "JX041632.1": {
      "branch_length": 0.00937433
    },
    "JX041634.1": {
      "branch_length": 0.00283353
    },
    "JX123030.1": {
      "branch_length": 0.00036591
    },
    "JX123031.1": {
      "branch_length": 0.00027252
    },
    "JX442279.1": {
      "branch_length": 0.00799126
    },
    "JX556213.1": {
      "branch_length": 0.00048323
    },
    "KC407667.1": {
      "branch_length": 0.00018138
    },
    "KC407673.1": {
      "branch_length": 0.00282189
    },
    "KC496015.1": {
      "branch_length": 0.00145591
    },
    "KC496016.1": {
      "branch_length": 0.00100116
    },
    "KC601756.1": {
      "branch_length": 0.01198387
    },
    "KC954092.1": {
      "branch_length": 0.00035882
    },
    "KF179639.1": {
      "branch_length": 0.00072979
    },
    "KF179640.1": {
      "branch_length": 0.00082094
    },
    "KF234080.1": {
      "branch_length": 0.00099994
    },
    "KF367469.1": {
      "branch_length": 0.0016704
    },
    "KF588365.1": {
      "branch_length": 0.00036468
    },
    "KF647248.1": {
      "branch_length": 0.00026984
    },
    "KF647249.1": {
      "branch_length": 9.068e-05
    },
    "KF647250.1": {
      "branch_length": 0.00101462
    },
    "KF647251.1": {
      "branch_length": 0.00045621
    },
    "KF647252.1": {
      "branch_length": 1e-06
    },
    "KF647253.1": {
      "branch_length": 0.00248974
    },
    "KJ883343.1": {
      "branch_length": 0.00045572
    },
    "KJ883344.1": {
      "branch_length": 9.068e-05
    },
    "KJ883345.1": {
      "branch_length": 9.068e-05
    },
    "KJ883346.1": {
      "branch_length": 0.00118459
    },
    "KJ883348.1": {
      "branch_length": 9.068e-05
    },
    "KJ883349.1": {
      "branch_length": 0.00027426
    },
    "KJ958922.1": {
      "branch_length": 0.00595671
    },
    "KM203860.1": {
      "branch_length": 0.00027211
    },
    "KM203861.1": {
      "branch_length": 0.00109309
    },
    "KM203862.1": {
      "branch_length": 0.00045516
    },
    "KM203863.1": {
      "branch_length": 0.00081948
    },
    "KM659876.1": {
      "branch_length": 1e-06
    },
    "KP109691.1": {
      "branch_length": 9.068e-05
    },
    "KP109692.1": {
      "branch_length": 0.00100284
    },
    "KP780837.1": {
      "branch_length": 0.00082372
    },
    "KP780838.1": {
      "branch_length": 0.00146379
    },
    "KP780839.1": {
      "branch_length": 0.00303856
    },
    "KP780840.1": {
      "branch_length": 0.00662592
    },
    "KP789953.1": {
      "branch_length": 0.0003649
    },
    "KP789954.1": {
      "branch_length": 0.00036461
    },
    "KP789955.1": {
      "branch_length": 0.00054729
    },
    "KP789956.1": {
      "branch_length": 0.00082524
    },
    "KP789957.1": {
      "branch_length": 0.00063839
    },
    "KP789958.1": {
      "branch_length": 0.00063819
    },
    "KP789959.1": {
      "branch_length": 0.00091641
    },
    "KP789960.1": {
      "branch_length": 0.00018313
    },
    "KT163243.1": {
      "branch_length": 0.00142972
    },
    "KT207791.1": {
      "branch_length": 0.0020995
    },
    "KT207792.1": {
      "branch_length": 9.068e-05
    },
    "KT359349.1": {
      "branch_length": 0.0020145
    },
    "KU206781.1": {
      "branch_length": 0.00045608
    },
    "KU588135.1": {
      "branch_length": 0.01341733
    },
    "KX547235.1": {
      "branch_length": 0.00580668
    },
    "KY523178.1": {
      "branch_length": 0.00383196
    },
    "KY594040.1": {
      "branch_length": 0.00037992
    },
    "LC318700.1": {
      "branch_length": 0.00567057
    },
    "MF797870.1": {
      "branch_length": 0.01021083
    },
    "MF984341.1": {
      "branch_length": 0.00112839
    },
    "MF984342.1": {
      "branch_length": 0.00074062
    },
    "MF984343.1": {
      "branch_length": 0.00018138
    },
    "MF984344.1": {
      "branch_length": 0.00054592
    },
    "MF984345.1": {
      "branch_length": 0.00072861
    },
    "MF984349.1": {
      "branch_length": 0.00084134
    },
    "MF984350.1": {
      "branch_length": 0.00036531
    },
    "MG004528.1": {
      "branch_length": 0.00037145
    },
    "MG004530.1": {
      "branch_length": 0.00171356
    },
    "MG004531.1": {
      "branch_length": 0.00092891
    },
    "MG004532.1": {
      "branch_length": 0.0016783
    },
    "MG004534.1": {
      "branch_length": 0.00111477
    },
    "MG004536.1": {
      "branch_length": 0.00372011
    },
    "MG004540.1": {
      "branch_length": 0.00534125
    },
    "MG004541.1": {
      "branch_length": 0.00223663
    },
    "MH021189.1": {
      "branch_length": 0.00108804
    },
    "MH244510.1": {
      "branch_length": 0.00045484
    },
    "MH244511.1": {
      "branch_length": 0.00045478
    },
    "MH244512.1": {
      "branch_length": 0.00145642
    },
    "MH244513.1": {
      "branch_length": 0.00172976
    },
    "MH643887.1": {
      "branch_length": 0.01017711
    },
    "MH924836.1": {
      "branch_length": 0.00018138
    },
    "MH939153.1": {
      "branch_length": 0.00247695
    },
    "MH939154.1": {
      "branch_length": 0.00183337
    },
    "MH986055.1": {
      "branch_length": 0.0004547
    },
    "MH986056.1": {
      "branch_length": 1e-06
    },
    "MK352483.1": {
      "branch_length": 0.00489589
    },
    "MN149538.1": {
      "branch_length": 0.00818954
    },
    "MN480792.1": {
      "branch_length": 0.00055067
    },
    "MN480793.1": {
      "branch_length": 9.175e-05
    },
    "MN480794.1": {
      "branch_length": 0.00164304
    },
    "MN480795.1": {
      "branch_length": 0.00018352
    },
    "MN481589.1": {
      "branch_length": 1e-06
    },